"Reference","Qty","Value","Package","Footprint","Description","DNP"
"BT1","1","KP384455 3.7V 1500mAh","Off-board, on a JST-XH pigtail","","Li-ion cell, off-board, on a JST-XH pigtail",""
"C1,C2","2","330pF C0G","1206","Capacitor_SMD:C_1206_3216Metric_Pad1.33x1.80mm_HandSolder","Anti-alias, 321 kHz with R9,Interstage DC block",""
"C3","1","100nF","1206","Capacitor_SMD:C_1206_3216Metric_Pad1.33x1.80mm_HandSolder","U2 decoupling, across pins 8 and 4",""
"C4,C5","2","10uF 100V","0805","Capacitor_SMD:C_0805_2012Metric_Pad1.18x1.45mm_HandSolder","U2 bulk decoupling against the Pico SMPS, 0805 MLCC,VREF hold-up, 0805 MLCC",""
"C6","1","330pF C0G (DNP)","1206","Capacitor_SMD:C_1206_3216Metric_Pad1.33x1.80mm_HandSolder","DNP. Optional TX DC block in parallel with JP2; fit instead of bridging JP2 if GP11 leakage biases the pad","DNP"
"D1,D3","2","SS220F","SMB (DO-214AA)","Diode_SMD:D_SMB","Motor flyback, Schottky 200 V 2 A, SMB,VSYS OR-ing / reverse polarity, Schottky 200 V 2 A, SMB",""
"D2","1","RGB 5mm CC","Off-board: solders into J3, or plugs in via a 4-pin XH pigtail","","Off-board LED, plugs into / solders into J3",""
"J1","1","BAT XH-2","THT, JST-XH 2.50 mm, 2-pin","Connector_JST:JST_XH_B2B-XH-A_1x02_P2.50mm_Vertical","Battery input, JST-XH 2p. Pin 1 = BAT-, pin 2 = BAT+",""
"J2","1","PAD JST-XH 2p","THT, JST-XH 2.50 mm, 2-pin","Connector_JST:JST_XH_B2B-XH-A_1x02_P2.50mm_Vertical","Pin 1 = skin PAD, pin 2 = ground-plane electrode (optional)",""
"J3","1","LED JST-XH 4p / 5mm RGB","THT, JST-XH 2.50 mm, 4-pin","Connector_JST:JST_XH_B4B-XH-A_1x04_P2.50mm_Vertical","Pin order R, K, G, B = 5 mm common-cathode RGB LED leads",""
"J5","1","CHG XH-2","THT, JST-XH 2.50 mm, 2-pin","Connector_JST:JST_XH_B2B-XH-A_1x02_P2.50mm_Vertical","Charger port, JST-XH 2p, parallel to J1: TP4056 OUT- to pin 1, OUT+ to pin 2. Not a power input",""
"J6","1","MOT 1x02 2.54","THT, 2.54 mm pin header, 2-pin","Connector_PinHeader_2.54mm:PinHeader_1x02_P2.54mm_Vertical","Motor, 2 x 2.54 mm THT. Pin 1 = MOT_SW (switched), pin 2 = VSYS",""
"M1","1","1034 coin 10mm 3V","Off-board: leads solder into J6","","Coin vibration motor, off-board, leads into J6",""
"Q1","1","AO3400A","SOT-23","Package_TO_SOT_SMD:SOT-23","Low-side motor switch, N-channel 30 V / 5.2 A, 27 mOhm at 4.5 V, SOT-23",""
"R1,R2,R3","3","1M","1206","Resistor_SMD:R_1206_3216Metric_Pad1.30x1.75mm_HandSolder","Biases the 10 MOhm node to VREF,RX safety resistor, design §13,TX safety resistor, design §13",""
"R4,R6,R7,R10,R11,R17","6","100k","0603","Resistor_SMD:R_0603_1608Metric_Pad0.98x0.95mm_HandSolder","Q1 gate pull-down: holds the motor off while GP28 is an input,Re-bias stage 2 +IN to VREF,Stage 1 feedback,Stage 2 feedback,VREF divider, bottom,VREF divider, top",""
"R5,R8,R15","3","10k","0603","Resistor_SMD:R_0603_1608Metric_Pad0.98x0.95mm_HandSolder","BTN pull-up,Stage 1 gain set: 1 + R4/R5 = 11,Stage 2 gain set: 1 + R7/R8 = 11",""
"R9","1","1k5","1206","Resistor_SMD:R_1206_3216Metric_Pad1.30x1.75mm_HandSolder","ADC series / anti-alias with C2",""
"R12,R13,R14,R16","4","100","0603","Resistor_SMD:R_0603_1608Metric_Pad0.98x0.95mm_HandSolder","LED B series,LED G series,LED R series,Q1 gate series",""
"SW1","1","SS-12F23G5","THT, SS-12F23G5 slide switch (right-angle SPDT)","handoff:SW_Slide_SS-12F23G5","Power switch, SPDT slide, right angle",""
"SW2","1","TACT 6x6","THT, 6x6 mm tactile button","Button_Switch_THT:SW_PUSH_6mm","Bench control: force TX / force RX / provisioning / clear bond. Pads 1-1 and 2-2 are the switch's internally joined pairs",""
"U1","1","Raspberry Pi Pico 2 W","THT, socketed (2x 1x20 female headers), not soldered","Module:RaspberryPi_Pico_Common_THT","",""
"U2","1","MCP6292-E/MS","MSOP-8 (3x3 mm, 0.65 mm pitch)","Package_SO:MSOP-8_3x3mm_P0.65mm","",""
